id,tipo,titulo,introducao,data_publicacao,produto_id,produtos,editorias,imagens,produtos_relacionados,destaque,link
38601,Notícia,Produção industrial avança em dez de 15 locais pesquisados em outubro frente a setembro,"Indústria baiana foi a maior influência positiva na indústria nacional em outubro, puxada pelo setor de produtos derivados do petróleo - Foto: André Motta de Souza/Petrobras Com a variação de 0,1% na produção industrial nacional na passagem de setembro...",08/12/2023 09:00:00,9296,9296|PIM-PF Regional#pimpf2|pesquisa-industrial-mensal-producao-fisica-regional|2209,economicas,"{""image_intro"":""images\/agenciadenoticias\/estatisticas_economicas\/2023_12\/PIM-Reg_THUMB_Andre-Motta-de-Souza-Petrobras.jpg"",""float_intro"":"""",""image_intro_alt"":"""",""image_intro_caption"":"""",""image_fulltext"":""images\/agenciadenoticias\/estatisticas_economicas\/2023_12\/PIM-Reg_HOME-Andre-Motta-de-Souza-Petrobras.jpg"",""float_fulltext"":"""",""image_fulltext_alt"":"""",""image_fulltext_caption"":""""}",9296,True,http://agenciadenoticias.ibge.gov.br/agencia-noticias/2012-agencia-de-noticias/noticias/38601-producao-industrial-avanca-em-dez-de-15-locais-pesquisados-em-outubro-frente-a-setembro.html
37970,Notícia,"Preços na indústria sobem 0,92% em agosto, após seis meses de queda","Refino de petróleo respondeu por 0,72 pontos percentuais na variação de 0,92% do IPP em agosto - Foto: André Mota de Souza/Ag Petrobras  Os preços da indústria subiram 0,92% em agosto frente a julho, voltando ao campo positivo depois de seis meses de...",28/09/2023 09:00:00,9282,9282|Índice de Preços ao Produtor - Indústrias Extrativas e de Transformação|indice-de-precos-ao-produtor-industrias-extrativas-e-de-transformacao|2081,economicas,"{""image_intro"":""images\/agenciadenoticias\/estatisticas_economicas\/2023_09\/IPP_THUMB_AndreMottadeSouza_AgPetrobras.png"",""float_intro"":"""",""image_intro_alt"":"""",""image_intro_caption"":"""",""image_fulltext"":""images\/agenciadenoticias\/estatisticas_economicas\/2023_09\/IPP_HOME_AndreMottadeSouza_AgPetrobras.jpg"",""float_fulltext"":"""",""image_fulltext_alt"":"""",""image_fulltext_caption"":""""}",9282,True,http://agenciadenoticias.ibge.gov.br/agencia-noticias/2012-agencia-de-noticias/noticias/37970-precos-na-industria-sobem-0-92-em-agosto-apos-seis-meses-de-queda.html
37774,Notícia,"PIB cresce 0,9% no segundo trimestre e fecha semestre com alta de 3,7%","A extração de petróleo, muito ligada à exportação, impactou a alta do PIB - Foto: Agência Petrobras Na passagem do primeiro para o segundo trimestre deste ano, o Produto Interno Bruto (PIB) cresceu 0,9%, oitavo resultado positivo consecutivo do indicador...",01/09/2023 09:00:00,9300,9300|Sistema de Contas Nacionais Trimestrais|contas-nacionais-trimestrais|2087,economicas,"{""image_intro"":""images\/agenciadenoticias\/estatisticas_economicas\/2023_09\/PIB-Tri_THUMB_AgenciaPetrobras.jpg"",""float_intro"":"""",""image_intro_alt"":"""",""image_intro_caption"":"""",""image_fulltext"":""images\/agenciadenoticias\/estatisticas_economicas\/2023_09\/PIB-Tri_HOME_AgenciaPetrobras.jpg"",""float_fulltext"":"""",""image_fulltext_alt"":"""",""image_fulltext_caption"":""""}",9300,True,http://agenciadenoticias.ibge.gov.br/agencia-noticias/2012-agencia-de-noticias/noticias/37774-pib-cresce-0-9-no-segundo-trimestre-e-fecha-semestre-com-alta-de-3-7.html
37522,Notícia,"Produção industrial varia 0,1% em junho e fecha primeiro semestre em retração de 0,3%","Produção no setor extrativo fechou o primeiro semestre com alta de 5,8% - Foto: André Motta de Souza/Petrobras A produção industrial do país variou 0,1% na passagem de maio para junho, marcando a segunda taxa no campo positivo consecutiva. Em maio, a...",01/08/2023 09:00:00,9294,9294|PIM-PF Brasil#pimpf1|pesquisa-industrial-mensal-producao-fisica-brasil|2209,economicas,"{""image_intro"":""images\/agenciadenoticias\/estatisticas_economicas\/2023_08\/PIM-Br_THUMB_Andre-Motta-de-Souza-Petrobras.jpg"",""float_intro"":"""",""image_intro_alt"":"""",""image_intro_caption"":"""",""image_fulltext"":""images\/agenciadenoticias\/estatisticas_economicas\/2023_08\/PIM-Br_HOME-Andre-Motta-de-Souza-Petrobras.jpg"",""float_fulltext"":"""",""image_fulltext_alt"":"""",""image_fulltext_caption"":""""}",9294,True,http://agenciadenoticias.ibge.gov.br/agencia-noticias/2012-agencia-de-noticias/noticias/37522-producao-industrial-varia-0-1-em-junho-e-fecha-primeiro-semestre-em-retracao-de-0-3.html
37290,Notícia,"Produção industrial varia 0,3% em maio, após queda em abril","Com alta de 7,7% na produção em maio, setor de derivados do petróleo foi uma das maiores influências para o resultado do mês - Foto: João Paulo Ceglinski-PETROBRAS Na passagem de abril para maio, a produção industrial do país variou 0,3%, voltando ao...",04/07/2023 09:00:00,9294,9294|PIM-PF Brasil#pimpf1|pesquisa-industrial-mensal-producao-fisica-brasil|2209,economicas,"{""image_intro"":""images\/agenciadenoticias\/estatisticas_economicas\/2023_07\/PIM-Br_THUMB_joao_paulo_ceglinski-PETROBRAS.jpg"",""float_intro"":"""",""image_intro_alt"":"""",""image_intro_caption"":"""",""image_fulltext"":""images\/agenciadenoticias\/estatisticas_economicas\/2023_07\/PIM-Br_HOME_joao_paulo_ceglinski-PETROBRAS.jpg"",""float_fulltext"":"""",""image_fulltext_alt"":"""",""image_fulltext_caption"":""""}",9294,True,http://agenciadenoticias.ibge.gov.br/agencia-noticias/2012-agencia-de-noticias/noticias/37290-producao-industrial-varia-0-3-em-maio-apos-queda-em-abril.html
37249,Notícia,"Preços na indústria têm queda de 3,07% em maio","Impactado pela queda no preço do óleo diesel, o setor de refino de petróleo e biocombustíveis exerceu a maior influência negativa no índice de maio - Foto: André Motta de Souza/Agência Petrobras Pelo quarto mês consecutivo os preços da indústria tiveram...",29/06/2023 09:00:00,9282,9282|Índice de Preços ao Produtor - Indústrias Extrativas e de Transformação|indice-de-precos-ao-produtor-industrias-extrativas-e-de-transformacao|2081,economicas,"{""image_intro"":""images\/agenciadenoticias\/estatisticas_economicas\/2023_06\/IPP_THUMB_Andr-Motta-de-Souza---Agncia-Petrobras.jpg"",""float_intro"":"""",""image_intro_alt"":"""",""image_intro_caption"":"""",""image_fulltext"":""images\/agenciadenoticias\/estatisticas_economicas\/2023_06\/IPP_HOME_Andr-Motta-de-Souza---Agncia-Petrobras.jpg"",""float_fulltext"":"""",""image_fulltext_alt"":"""",""image_fulltext_caption"":""""}",9282,True,http://agenciadenoticias.ibge.gov.br/agencia-noticias/2012-agencia-de-noticias/noticias/37249-precos-na-industria-tem-queda-de-3-07-em-maio.html
36841,Notícia,"Produção industrial avança 1,1% em março, após dois meses de queda","O setor de derivados do petróleo avançou 1,7% e influenciou o resultado da indústria nacional em março - Foto: Agência Petrobras Na passagem de fevereiro para março, a produção industrial do país avançou 1,1%. A expansão vem após dois meses seguidos de...",10/05/2023 09:00:00,9294,9294|PIM-PF Brasil#pimpf1|pesquisa-industrial-mensal-producao-fisica-brasil|2209,economicas,"{""image_intro"":""images\/agenciadenoticias\/estatisticas_economicas\/2023_05\/PIM-Br_THUMB_Petrobras.jpg"",""float_intro"":"""",""image_intro_alt"":"""",""image_intro_caption"":"""",""image_fulltext"":""images\/agenciadenoticias\/estatisticas_economicas\/2023_05\/PIM-Br_Home_Petrobras.jpg"",""float_fulltext"":"""",""image_fulltext_alt"":"""",""image_fulltext_caption"":""""}",9294,True,http://agenciadenoticias.ibge.gov.br/agencia-noticias/2012-agencia-de-noticias/noticias/36841-producao-industrial-avanca-1-1-em-marco-apos-dois-meses-de-queda.html
36781,Notícia,"Inflação na indústria fica em -0,66% em março ","Setor de refino e biocombustíveis tem o maior impacto negativo devido à queda de preços internacionais - Foto: André Motta de Souza/Ag. Petrobras Os preços da indústria variaram -0,66% em março frente a fevereiro. O acumulado no ano também atingiu...",28/04/2023 09:00:00,9282,9282|Índice de Preços ao Produtor - Indústrias Extrativas e de Transformação|indice-de-precos-ao-produtor-industrias-extrativas-e-de-transformacao|2081,economicas,"{""image_intro"":""images\/agenciadenoticias\/estatisticas_economicas\/2023_04\/IPP_THUMB_Andre-Motta-de-Souza-Agencia-Petrobras.jpg"",""float_intro"":"""",""image_intro_alt"":"""",""image_intro_caption"":"""",""image_fulltext"":""images\/agenciadenoticias\/estatisticas_economicas\/2023_04\/IPP_home_Andre-Motta-de-Souza-Agencia-Petrobras.jpg"",""float_fulltext"":"""",""image_fulltext_alt"":"""",""image_fulltext_caption"":""""}",9282,True,http://agenciadenoticias.ibge.gov.br/agencia-noticias/2012-agencia-de-noticias/noticias/36781-inflacao-na-industria-fica-em-0-66-em-marco.html
36619,Notícia,Produção industrial recua em oito de 15 locais pesquisados em janeiro frente a dezembro,"Setor de derivados do petróleo impulsionou o resultado negativo da indústria paulista - Foto: Tais Peyneau/Agência Petrobras Na passagem de dezembro para janeiro, quando a produção industrial do país recuou -0,3%, houve retração em oito dos 15 locais...",06/04/2023 09:00:00,9296,9296|PIM-PF Regional#pimpf2|pesquisa-industrial-mensal-producao-fisica-regional|2209,economicas,"{""image_intro"":""images\/agenciadenoticias\/estatisticas_economicas\/2023_04\/Refinaria_THUMB_AgPetrobras.jpg"",""float_intro"":"""",""image_intro_alt"":"""",""image_intro_caption"":"""",""image_fulltext"":""images\/agenciadenoticias\/estatisticas_economicas\/2023_04\/Refinaria_HOME_AgPetrobras.jpg"",""float_fulltext"":"""",""image_fulltext_alt"":"""",""image_fulltext_caption"":""""}",9296,True,http://agenciadenoticias.ibge.gov.br/agencia-noticias/2012-agencia-de-noticias/noticias/36619-producao-industrial-recua-em-oito-de-15-locais-pesquisados-em-janeiro-frente-a-dezembro.html
36147,Notícia,"Preços na indústria caem 1,29% em dezembro e fecham 2022 com alta de 3,13%","A atividade de refino de petróleo e biocombustíveis exerceu a maior influência no resultado acumulado no ano - Foto: André Motta de Souza/Agência Petrobras Os preços do setor industrial caíram 1,29% em dezembro de 2022 frente ao mês anterior, o quinto...",01/02/2023 09:00:00,9282,9282|Índice de Preços ao Produtor - Indústrias Extrativas e de Transformação|indice-de-precos-ao-produtor-industrias-extrativas-e-de-transformacao|2081,economicas,"{""image_intro"":""images\/agenciadenoticias\/estatisticas_economicas\/2023_02\/IPP_THUMB_Andre-Motta-de-Souza-Agencia-Petrobras.jpg"",""float_intro"":"""",""image_intro_alt"":"""",""image_intro_caption"":"""",""image_fulltext"":""images\/agenciadenoticias\/estatisticas_economicas\/2023_02\/IPP_home_Andre-Motta-de-Souza-Agencia-Petrobras.jpg"",""float_fulltext"":"""",""image_fulltext_alt"":"""",""image_fulltext_caption"":""""}",9282,True,http://agenciadenoticias.ibge.gov.br/agencia-noticias/2012-agencia-de-noticias/noticias/36147-precos-na-industria-caem-1-29-em-dezembro-e-fecham-2022-com-alta-de-3-13.html
35277,Notícia," Inflação da indústria tem nova queda e fica em -1,96% em setembro","Cadeia industrial do petróleo foi a principal influência para nova queda de preços na porta de fábrica - Foto: André Valentim/Agência Petrobras Os preços no setor industrial recuaram 1,96% na passagem de agosto para setembro de 2022, a segunda maior...",26/10/2022 09:00:00,9282,9282|Índice de Preços ao Produtor - Indústrias Extrativas e de Transformação|indice-de-precos-ao-produtor-industrias-extrativas-e-de-transformacao|2081,economicas,"{""image_intro"":""images\/agenciadenoticias\/estatisticas_economicas\/2022_10\/IPP_THUMB_AndreValentim-AgenciaPetrobras.jpg"",""float_intro"":"""",""image_intro_alt"":"""",""image_intro_caption"":"""",""image_fulltext"":""images\/agenciadenoticias\/estatisticas_economicas\/2022_10\/IPP_HOME_AndreValentim-AgenciaPetrobras.jpg"",""float_fulltext"":"""",""image_fulltext_alt"":"""",""image_fulltext_caption"":""""}",9282,True,http://agenciadenoticias.ibge.gov.br/agencia-noticias/2012-agencia-de-noticias/noticias/35277-inflacao-da-industria-tem-nova-queda-e-fica-em-1-96-em-setembro.html
35084,Notícia,"Produção industrial recua 0,6% em agosto, com queda concentrada em oito atividades","Setor de coque, derivados do petróleo e biocombustíveis cai 4,2% e puxa recuo na produção industrial em agosto - Foto: André Motta de Souza/Petrobras A produção industrial caiu 0,6% na passagem de julho para agosto, eliminando o avanço de 0,6% que havia...",05/10/2022 09:00:00,9294,9294|PIM-PF Brasil#pimpf1|pesquisa-industrial-mensal-producao-fisica-brasil|2209,economicas,"{""image_intro"":""images\/agenciadenoticias\/estatisticas_economicas\/2022_10\/PIM-Br_THUMB_Andre-Motta-de-Souza-Petrobras.jpg"",""float_intro"":"""",""image_intro_alt"":"""",""image_intro_caption"":"""",""image_fulltext"":""images\/agenciadenoticias\/estatisticas_economicas\/2022_10\/PIM-Br_HOME-Andre-Motta-de-Souza-Petrobras.jpg"",""float_fulltext"":"""",""image_fulltext_alt"":"""",""image_fulltext_caption"":""""}",9294,True,http://agenciadenoticias.ibge.gov.br/agencia-noticias/2012-agencia-de-noticias/noticias/35084-producao-industrial-recua-0-6-em-agosto-com-queda-concentrada-em-oito-atividades.html
35041,Notícia,"Inflação da indústria tem queda recorde e fica em -3,11% em agosto","Indústria do refino. Foto: André Motta de Souza/Agência Petrobras Os preços no setor industrial em agosto de 2022 ficaram em -3,11% em relação a julho, na maior variação negativa desde o início da série histórica em 2014. Na passagem de junho para julho,...",28/09/2022 09:00:00,9282,9282|Índice de Preços ao Produtor - Indústrias Extrativas e de Transformação|indice-de-precos-ao-produtor-industrias-extrativas-e-de-transformacao|2081,economicas,"{""image_intro"":""images\/agenciadenoticias\/estatisticas_economicas\/2022_09\/IPP_AndreMottadeSouza_AgPetrobras_THUMB.jpg"",""float_intro"":"""",""image_intro_alt"":"""",""image_intro_caption"":"""",""image_fulltext"":""images\/agenciadenoticias\/estatisticas_economicas\/2022_09\/IPP_AndreMottadeSouza_AgPetrobras_HOME.jpg"",""float_fulltext"":"""",""image_fulltext_alt"":"""",""image_fulltext_caption"":""""}",9282,True,http://agenciadenoticias.ibge.gov.br/agencia-noticias/2012-agencia-de-noticias/noticias/35041-inflacao-da-industria-tem-queda-recorde-e-fica-em-3-11-em-agosto.html
34580,Notícia,"IPCA fica em -0,68% em julho, menor taxa desde o início da série histórica em 1980","Os preços da gasolina caíram 15,48% em julho e influenciaram queda do IPCA - Foto: Helena Pontes/Agência IBGE Notícias Pressionado pela queda nos preços dos combustíveis, em particular da gasolina e do etanol, e da energia elétrica, o IPCA ficou em...",09/08/2022 09:00:00,0,9256|Índice Nacional de Preços ao Consumidor Amplo|indice-nacional-de-precos-ao-consumidor-amplo|2210;9258|Índice Nacional de Preços ao Consumidor|indice-nacional-de-precos-ao-consumidor|2077,economicas,"{""image_intro"":""images\/agenciadenoticias\/estatisticas_economicas\/2022_08\/IPCA_Thumb_Helena-Pontes.jpg"",""float_intro"":"""",""image_intro_alt"":"""",""image_intro_caption"":"""",""image_fulltext"":""images\/agenciadenoticias\/estatisticas_economicas\/2022_08\/IPCA_HOME_Helena-Pontes.jpg"",""float_fulltext"":"""",""image_fulltext_alt"":"""",""image_fulltext_caption"":""""}","9256, 9258",True,http://agenciadenoticias.ibge.gov.br/agencia-noticias/2012-agencia-de-noticias/noticias/34580-ipca-fica-em-0-68-em-julho-menor-taxa-desde-o-inicio-da-serie-historica-em-1980.html
34181,Notícia,"Inflação da indústria fica em 1,83% em maio e acumula 9,06% no ano","Indústria extrativa é o destaque com a maior variação, de 12,50%, e a maior influência, 0,66 p.p., do IPP - Foto: Geraldo Falcão/Agência Petrobras Os preços no setor industrial em maio de 2022 tiveram alta de 1,83% em relação a abril. Na passagem de...",01/07/2022 09:00:00,9282,9282|Índice de Preços ao Produtor - Indústrias Extrativas e de Transformação|indice-de-precos-ao-produtor-industrias-extrativas-e-de-transformacao|2081,economicas,"{""image_intro"":""images\/agenciadenoticias\/estatisticas_economicas\/2022_06\/IPP_thumb_GeraldoFalcao-AgenciaPetrobras.jpg"",""float_intro"":"""",""image_intro_alt"":"""",""image_intro_caption"":"""",""image_fulltext"":""images\/agenciadenoticias\/estatisticas_economicas\/2022_06\/IPP_home_GeraldoFalcao-AgenciaPetrobras.jpg"",""float_fulltext"":"""",""image_fulltext_alt"":"""",""image_fulltext_caption"":""""}",9282,True,http://agenciadenoticias.ibge.gov.br/agencia-noticias/2012-agencia-de-noticias/noticias/34181-inflacao-da-industria-fica-em-1-83-em-maio-e-acumula-9-06-no-ano.html
34028,Notícia,Produção industrial avança em oito dos 15 locais pesquisados em abril ,Setor de derivados do petróleo e biocombustíveis foi o grande responsável pelo avanço da indústria fluminense - Foto: André Motta de Souza/Petrobras A produção industrial avançou em oito dos 15 locais investigados pela Pesquisa Industrial Mensal (PIM...,09/06/2022 09:00:00,9296,9296|PIM-PF Regional#pimpf2|pesquisa-industrial-mensal-producao-fisica-regional|2209,economicas,"{""image_intro"":""images\/agenciadenoticias\/estatisticas_economicas\/2022_06\/PIM-Reg_THUMB_Andre-Motta-de-Souza-Petrobras.jpg"",""float_intro"":"""",""image_intro_alt"":"""",""image_intro_caption"":"""",""image_fulltext"":""images\/agenciadenoticias\/estatisticas_economicas\/2022_06\/PIM-Reg_HOME-Andre-Motta-de-Souza-Petrobras.jpg"",""float_fulltext"":"""",""image_fulltext_alt"":"""",""image_fulltext_caption"":""""}",9296,True,http://agenciadenoticias.ibge.gov.br/agencia-noticias/2012-agencia-de-noticias/noticias/34028-producao-industrial-avanca-em-oito-dos-15-locais-pesquisados-em-ab.html
33537,Notícia,"Inflação da indústria acelera para 3,13% em março","Preços internacionais do barril de petróleo influenciam inflação da indústria em março - Foto: André Valentim/Agência Petrobras Os preços no setor industrial em março de 2022 aceleraram para 3,13% em relação ao mês anterior, após subirem 0,54% em...",28/04/2022 09:00:00,9282,9282|Índice de Preços ao Produtor - Indústrias Extrativas e de Transformação|indice-de-precos-ao-produtor-industrias-extrativas-e-de-transformacao|2081,economicas,"{""image_intro"":""images\/agenciadenoticias\/estatisticas_economicas\/2021_03\/IPP_thumb_Andr_Valentim-Agncia_Petrobras.jpg"",""float_intro"":"""",""image_intro_alt"":"""",""image_intro_caption"":"""",""image_fulltext"":""images\/agenciadenoticias\/estatisticas_economicas\/2021_03\/IPP_home_Andr_Valentim-Agncia_Petrobras.jpg"",""float_fulltext"":"""",""image_fulltext_alt"":"""",""image_fulltext_caption"":""""}",9282,True,http://agenciadenoticias.ibge.gov.br/agencia-noticias/2012-agencia-de-noticias/noticias/33537-inflacao-da-industria-acelera-para-3-13-em-marco.html
33438,Notícia,"Inflação acelera para 1,62% em março, maior para o mês desde 1994","Gasolina teve reajuste de 18,77% no preço médio em março - Foto: Licia Rubinstein/Agência IBGE Notícias A inflação acelerou para 1,62% em março, após ficar em 1,01% em fevereiro. Esse foi o maior resultado para o mês de março desde 1994 (42,75%), antes...",08/04/2022 09:00:00,0,9256|Índice Nacional de Preços ao Consumidor Amplo|indice-nacional-de-precos-ao-consumidor-amplo|2210;9258|Índice Nacional de Preços ao Consumidor|indice-nacional-de-precos-ao-consumidor|2077,economicas,"{""image_intro"":""images\/agenciadenoticias\/estatisticas_economicas\/2022_04\/IPCA_Thumb.jpg"",""float_intro"":"""",""image_intro_alt"":"""",""image_intro_caption"":"""",""image_fulltext"":""images\/agenciadenoticias\/estatisticas_economicas\/2022_04\/IPCA_home.jpg"",""float_fulltext"":"""",""image_fulltext_alt"":"""",""image_fulltext_caption"":""""}","9256, 9258",True,http://agenciadenoticias.ibge.gov.br/agencia-noticias/2012-agencia-de-noticias/noticias/33438-inflacao-acelera-para-1-62-em-marco-maior-para-o-mes-desde-1994.html
33085,Notícia,"Inflação da indústria abre 2022 com alta de 1,18% em janeiro","Setor de indústrias extrativas foi o que mais influenciou no resultado de janeiro - Foto: Agência Petrobras Os preços no setor industrial iniciaram o ano de 2022 com um aumento de 1,18% em janeiro, na comparação com dezembro de 2021. Na passagem de...",08/03/2022 09:00:00,9282,9282|Índice de Preços ao Produtor - Indústrias Extrativas e de Transformação|indice-de-precos-ao-produtor-industrias-extrativas-e-de-transformacao|2081,economicas,"{""image_intro"":""images\/agenciadenoticias\/estatisticas_economicas\/2022_03\/IPP-jan22_thumb__Agencia_Petrobras.jpg"",""float_intro"":"""",""image_intro_alt"":"""",""image_intro_caption"":"""",""image_fulltext"":""images\/agenciadenoticias\/estatisticas_economicas\/2022_03\/IPP-jan22_home__Agencia_Petrobras.jpg"",""float_fulltext"":"""",""image_fulltext_alt"":"""",""image_fulltext_caption"":""""}",9282,True,http://agenciadenoticias.ibge.gov.br/agencia-noticias/2012-agencia-de-noticias/noticias/33085-inflacao-da-industria-abre-2022-com-alta-de-1-18-em-janeiro.html
32915,Notícia,"Inflação tem alta de 0,54% em janeiro, maior para o mês desde 2016","Alta nos alimentos, como as carnes, impactou índice do mês - Foto: Helena Pontes/Agência IBGE Notícias A inflação desacelerou para 0,54% em janeiro, após ficar em 0,73% em dezembro. Esse foi o maior resultado para o mês de janeiro desde 2016 (1,27%). Nos...",09/02/2022 09:00:00,0,9256|Índice Nacional de Preços ao Consumidor Amplo|indice-nacional-de-precos-ao-consumidor-amplo|2210;9258|Índice Nacional de Preços ao Consumidor|indice-nacional-de-precos-ao-consumidor|2077,economicas,"{""image_intro"":""images\/agenciadenoticias\/estatisticas_economicas\/2022_02\/Supermercado_Helena_Pontes_THUMB.jpg"",""float_intro"":"""",""image_intro_alt"":"""",""image_intro_caption"":"""",""image_fulltext"":""images\/agenciadenoticias\/estatisticas_economicas\/2022_02\/Supermercado_Helena_Pontes_HOME.jpg"",""float_fulltext"":"""",""image_fulltext_alt"":"""",""image_fulltext_caption"":""""}","9256, 9258",True,http://agenciadenoticias.ibge.gov.br/agencia-noticias/2012-agencia-de-noticias/noticias/32915-inflacao-tem-alta-de-0-54-em-janeiro-maior-para-o-mes-desde-2016.html
32846,Notícia,"Preços na indústria fecham 2021 com alta de 28,39%, recorde da série histórica","Oito atividades fecharam o ano com alta nos preços, destaque para o refino de petróleo e biocombustíveis - Foto: André Motta de Souza/Agência Petrobras A inflação do setor industrial variou -0,12% em dezembro de 2021 frente ao mês anterior, primeiro...",01/02/2022 09:00:00,9282,9282|Índice de Preços ao Produtor - Indústrias Extrativas e de Transformação|indice-de-precos-ao-produtor-industrias-extrativas-e-de-transformacao|2081,economicas,"{""image_intro"":""images\/agenciadenoticias\/estatisticas_economicas\/2022_02\/IPP_Thumb_Andr-Motta-de-Souza-Petrobras.jpg"",""float_intro"":"""",""image_intro_alt"":"""",""image_intro_caption"":"""",""image_fulltext"":""images\/agenciadenoticias\/estatisticas_economicas\/2022_02\/IPP_Home_Andr-Motta-de-Souza-Petrobras.jpg"",""float_fulltext"":"""",""image_fulltext_alt"":"""",""image_fulltext_caption"":""""}",9282,True,http://agenciadenoticias.ibge.gov.br/agencia-noticias/2012-agencia-de-noticias/noticias/32846-precos-na-industria-fecham-2021-com-alta-de-28-39-recorde-da-serie-historica.html
32756,Notícia,Produção industrial cai em oito dos 15 locais pesquisados em novembro,"Setor de derivados de petróleo puxa queda da indústria no Rio de Janeiro - Foto: Cesar Duarte - Agência Petrobras A produção industrial caiu em oito dos 15 locais investigados pela Pesquisa Industrial Mensal (PIM Regional), na passagem de outubro para...",14/01/2022 09:00:00,9296,9296|PIM-PF Regional#pimpf2|pesquisa-industrial-mensal-producao-fisica-regional|2209,economicas,"{""image_intro"":""images\/agenciadenoticias\/estatisticas_economicas\/2022_01\/REDUC_CesarDuarte_AgPetrobras_THUMB.jpg"",""float_intro"":"""",""image_intro_alt"":"""",""image_intro_caption"":"""",""image_fulltext"":""images\/agenciadenoticias\/estatisticas_economicas\/2022_01\/REDUC_CesarDuarte_AgPetrobras_HOME.jpg"",""float_fulltext"":"""",""image_fulltext_alt"":"""",""image_fulltext_caption"":""""}",9296,True,http://agenciadenoticias.ibge.gov.br/agencia-noticias/2012-agencia-de-noticias/noticias/32756-producao-industrial-cai-em-oito-dos-15-locais-pesquisados-em-novembro.html
32651,Notícia,"Inflação na indústria fica em 1,31% em novembro com alta em 17 das 24 atividades","A maior influência no IPP de julho veio dos derivados de petróleo - Foto: André Motta de Souza/Agência Petrobras Os preços da indústria subiram 1,31% na passagem de outubro para novembro, resultado inferior à alta registrada em outubro (2,26%). O...",05/01/2022 09:00:00,9282,9282|Índice de Preços ao Produtor - Indústrias Extrativas e de Transformação|indice-de-precos-ao-produtor-industrias-extrativas-e-de-transformacao|2081,economicas,"{""image_intro"":""images\/agenciadenoticias\/estatisticas_economicas\/2022_01\/IPP_THUMB_Andr-Motta-de-Souza---Agncia-Petrobras.jpg"",""float_intro"":"""",""image_intro_alt"":"""",""image_intro_caption"":"""",""image_fulltext"":""images\/agenciadenoticias\/estatisticas_economicas\/2022_01\/IPP_home_Andr-Motta-de-Souza---Agncia-Petrobras.jpg"",""float_fulltext"":"""",""image_fulltext_alt"":"""",""image_fulltext_caption"":""""}",9282,True,http://agenciadenoticias.ibge.gov.br/agencia-noticias/2012-agencia-de-noticias/noticias/32651-inflacao-na-industria-fica-em-1-31-em-novembro-com-alta-em-17-das-24-atividades.html
32580,Notícia,Estudo traz dados do monitoramento do nível do mar por estações do IBGE,As estações maregráficas estão em pontos estratégicos da costa brasileira - Foto: Salomão Soares/IBGE O IBGE disponibiliza hoje (16) uma publicação com os resultados do monitoramento da variação do nível médio do mar nas estações da Rede Maregráfica...,16/12/2021 10:00:00,10842,10842|Rede Maregráfica Permanente para Geodésia |rmpg-rede-maregrafica-permanente-para-geodesia|2337,geociencias,"{""image_intro"":""images\/agenciadenoticias\/geociencias\/2021_01\/RedesGeodsicas_THUMB.jpg"",""float_intro"":"""",""image_intro_alt"":"""",""image_intro_caption"":"""",""image_fulltext"":""images\/agenciadenoticias\/geociencias\/2021_01\/RedesGeodsicas_HOME.jpg"",""float_fulltext"":"""",""image_fulltext_alt"":"""",""image_fulltext_caption"":""""}",10842,True,http://agenciadenoticias.ibge.gov.br/agencia-noticias/2012-agencia-de-noticias/noticias/32580-estudo-traz-dados-do-monitoramento-do-nivel-do-mar-por-estacoes-do-ibge.html
32411,Notícia,"Produção industrial cai 0,6% em outubro, quinta queda consecutiva","As maiores influências para o resultado da indústria vieram das quedas do minério de ferro e do petróleo - Foto: Agência Petrobras A produção industrial apresentou queda de 0,6% na passagem de setembro para outubro, quinto resultado negativo consecutivo,...",03/12/2021 09:00:00,9294,9294|PIM-PF Brasil#pimpf1|pesquisa-industrial-mensal-producao-fisica-brasil|2209,economicas,"{""image_intro"":""images\/agenciadenoticias\/estatisticas_economicas\/2021_12\/PIM_THUMB_AgPetrobras.jpg"",""float_intro"":"""",""image_intro_alt"":"""",""image_intro_caption"":"""",""image_fulltext"":""images\/agenciadenoticias\/estatisticas_economicas\/2021_12\/PIM_HOME_AgPetrobras.jpg"",""float_fulltext"":"""",""image_fulltext_alt"":"""",""image_fulltext_caption"":""""}",9294,True,http://agenciadenoticias.ibge.gov.br/agencia-noticias/2012-agencia-de-noticias/noticias/32411-producao-industrial-cai-0-6-em-outubro-quinta-queda-consecutiva.html
32368,Notícia,"Preços na indústria crescem 2,16% em outubro","Refino de petróleo registrou maior alta e a maior influência em outubro - Foto: Tais Peyneau/Agência Petrobras A inflação do setor industrial aumentou 2,16% em outubro na comparação com setembro, segundo dados do Índice de Preços ao Produtor (IPP),...",01/12/2021 09:00:00,9282,9282|Índice de Preços ao Produtor - Indústrias Extrativas e de Transformação|indice-de-precos-ao-produtor-industrias-extrativas-e-de-transformacao|2081,economicas,"{""image_intro"":""images\/agenciadenoticias\/estatisticas_economicas\/2021_11\/IPP_THUMB-Tais_Peyneau_-Agncia_Petrobras.jpg"",""float_intro"":"""",""image_intro_alt"":"""",""image_intro_caption"":"""",""image_fulltext"":""images\/agenciadenoticias\/estatisticas_economicas\/2021_11\/IPP_HOME-Tais_Peyneau_-Agncia_Petrobras.jpg"",""float_fulltext"":"""",""image_fulltext_alt"":"""",""image_fulltext_caption"":""""}",9282,True,http://agenciadenoticias.ibge.gov.br/agencia-noticias/2012-agencia-de-noticias/noticias/32368-precos-na-industria-crescem-2-16-em-outubro.html
32154,Notícia,"Inflação acelera para 1,25% em outubro, maior para o mês desde 2002","A gasolina já acumula alta de 38,29% no ano - Foto: Helena Pontes/Agência IBGE Notícias A inflação acelerou para 1,25% em outubro, a maior para o mês desde 2002, quando o índice foi de 1,31%. Com isso, o indicador acumula altas de 8,24% no ano e de...",10/11/2021 09:00:00,0,9256|Índice Nacional de Preços ao Consumidor Amplo|indice-nacional-de-precos-ao-consumidor-amplo|2210;9258|Índice Nacional de Preços ao Consumidor|indice-nacional-de-precos-ao-consumidor|2077,economicas,"{""image_intro"":""images\/agenciadenoticias\/estatisticas_economicas\/2021_11\/ipca_thumb_Helena-Pontes.jpg"",""float_intro"":"""",""image_intro_alt"":"""",""image_intro_caption"":"""",""image_fulltext"":""images\/agenciadenoticias\/estatisticas_economicas\/2021_11\/ipca_home_Helena-Pontes.jpg"",""float_fulltext"":"""",""image_fulltext_alt"":"""",""image_fulltext_caption"":""""}","9256, 9258",True,http://agenciadenoticias.ibge.gov.br/agencia-noticias/2012-agencia-de-noticias/noticias/32154-inflacao-acelera-para-1-25-em-outubro-maior-para-o-mes-desde-2002.html
31848,Notícia," Inflação acelera para 1,16% em setembro, maior para o mês desde 1994","Com a bandeira da escassez hídrica, energia elétrica sobe 6,47% em setembro e acumula alta de 28,82% em 12 meses - Foto: Licia Rubinstein/Agência IBGE Notícias A inflação teve alta de 1,16% em setembro, a maior para o mês desde 1994, quando o índice foi...",08/10/2021 09:00:00,0,9256|Índice Nacional de Preços ao Consumidor Amplo|indice-nacional-de-precos-ao-consumidor-amplo|2210;9258|Índice Nacional de Preços ao Consumidor|indice-nacional-de-precos-ao-consumidor|2077,economicas,"{""image_intro"":""images\/agenciadenoticias\/estatisticas_economicas\/2021_10\/IPCA-set_THUMB_LiciaRubinstein.jpg"",""float_intro"":"""",""image_intro_alt"":"""",""image_intro_caption"":"""",""image_fulltext"":""images\/agenciadenoticias\/estatisticas_economicas\/2021_10\/IPCA-set_HOME_LiciaRubinstein.jpg"",""float_fulltext"":"""",""image_fulltext_alt"":"""",""image_fulltext_caption"":""""}","9256, 9258",True,http://agenciadenoticias.ibge.gov.br/agencia-noticias/2012-agencia-de-noticias/noticias/31848-inflacao-acelera-para-1-16-em-setembro-maior-para-o-mes-desde-1994.html
31775,Notícia,"Produção industrial cai 0,7% em agosto, terceira queda consecutiva","Retração na produção industrial brasileira foi disseminada por 15 dos 26 ramos pesquisados - Foto: Andre Motta de Souza/Petrobras Ao retrair 0,7% na passagem de julho para agosto, a produção industrial caiu pelo terceiro mês consecutivo. Nesse período,...",05/10/2021 09:00:00,9294,9294|PIM-PF Brasil#pimpf1|pesquisa-industrial-mensal-producao-fisica-brasil|2209,economicas,"{""image_intro"":""images\/agenciadenoticias\/estatisticas_economicas\/2021_10\/PIM-Br_THUMB_Andre-Motta-de-Souza-Petrobras.jpg"",""float_intro"":"""",""image_intro_alt"":"""",""image_intro_caption"":"""",""image_fulltext"":""images\/agenciadenoticias\/estatisticas_economicas\/2021_10\/PIM-Br_HOME-Andre-Motta-de-Souza-Petrobras.jpg"",""float_fulltext"":"""",""image_fulltext_alt"":"""",""image_fulltext_caption"":""""}",9294,True,http://agenciadenoticias.ibge.gov.br/agencia-noticias/2012-agencia-de-noticias/noticias/31775-producao-industrial-cai-0-7-em-agosto-terceira-queda-consecutiva.html
31583,Notícia,"Inflação fica em 0,87% em agosto, maior para o mês desde 2000","Gasolina subiu 2,80% em agosto e acumula alta de 31,09% no ano - Foto: Helena Pontes/Agência IBGE Notícias A inflação teve alta de 0,87% em agosto, a maior para o mês desde o ano 2000. Com isso, o indicador acumula altas de 5,67% no ano e de 9,68% nos...",09/09/2021 09:00:00,0,9256|Índice Nacional de Preços ao Consumidor Amplo|indice-nacional-de-precos-ao-consumidor-amplo|2210;9258|Índice Nacional de Preços ao Consumidor|indice-nacional-de-precos-ao-consumidor|2077,economicas,"{""image_intro"":""images\/agenciadenoticias\/estatisticas_economicas\/2021_09\/IPCA_Thumb_HelenaPontes.jpg"",""float_intro"":"""",""image_intro_alt"":"""",""image_intro_caption"":"""",""image_fulltext"":""images\/agenciadenoticias\/estatisticas_economicas\/2021_09\/IPCA_home_HelenaPontes.jpg"",""float_fulltext"":"""",""image_fulltext_alt"":"""",""image_fulltext_caption"":""""}","9256, 9258",True,http://agenciadenoticias.ibge.gov.br/agencia-noticias/2012-agencia-de-noticias/noticias/31583-inflacao-fica-em-0-87-em-agosto-maior-para-o-mes-desde-2000.html
